{
	"format_version": "1.12.0",
	"minecraft:geometry": [
		{
			"description": {
				"identifier": "geometry.geometry.cow",
				"texture_width": 64,
				"texture_height": 32,
				"visible_bounds_width": 6,
				"visible_bounds_height": 3.5,
				"visible_bounds_offset": [0, 1.25, 0]
			},
			"bones": [
				{
					"name": "root",
					"pivot": [0, 0, 0]
				},
				{
					"name": "body",
					"parent": "root",
					"pivot": [0, 19, 2],
					"rotation": [90, 0, 0],
					"mirror": true,
					"cubes": [
						{"origin": [-6, 11, -5], "size": [12, 18, 10], "uv": [18, 4], "mirror": false},
						{"origin": [-2, 11, -6], "size": [4, 6, 1], "uv": [52, 0], "mirror": false}
					]
				},
				{
					"name": "head",
					"parent": "root",
					"pivot": [0, 20, -8],
					"mirror": true,
					"cubes": [
						{"origin": [-4, 16, -14], "size": [8, 8, 6], "uv": [0, 0], "mirror": false},
						{"origin": [4, 22, -12], "size": [1, 3, 1], "uv": [22, 0]},
						{"origin": [-5, 22, -12], "size": [1, 3, 1], "uv": [22, 0]}
					]
				},
				{
					"name": "leg0",
					"parent": "root",
					"pivot": [4, 12, 7],
					"mirror": true,
					"cubes": [
						{"origin": [2, 0, 5], "size": [4, 12, 4], "uv": [0, 16]}
					]
				},
				{
					"name": "leg1",
					"parent": "root",
					"pivot": [-4, 12, 7],
					"mirror": true,
					"cubes": [
						{"origin": [-6, 0, 5], "size": [4, 12, 4], "uv": [0, 16], "mirror": false}
					]
				},
				{
					"name": "leg2",
					"parent": "root",
					"pivot": [4, 12, -6],
					"mirror": true,
					"cubes": [
						{"origin": [2, 0, -7], "size": [4, 12, 4], "uv": [0, 16]}
					]
				},
				{
					"name": "leg3",
					"parent": "root",
					"pivot": [-4, 12, -6],
					"mirror": true,
					"cubes": [
						{"origin": [-6, 0, -7], "size": [4, 12, 4], "uv": [0, 16], "mirror": false}
					]
				}
			]
		}
	]
}