{
	"format_version": "1.12.0",
	"minecraft:geometry": [
		{
			"description": {
				"identifier": "geometry.attitude_adjuster",
				"texture_width": 128,
				"texture_height": 128,
				"visible_bounds_width": 4,
				"visible_bounds_height": 4,
				"visible_bounds_offset": [0, 1, 0]
			},
			"bones": [
				{
					"name": "bb_main",
					"pivot": [0, 0, 0],
					"cubes": [
						{
							"origin": [-2, -8, -3],
							"size": [4, 35, 6],
							"uv": {
								"north": {"uv": [0, 35], "uv_size": [4, 35]},
								"east": {"uv": [0, 0], "uv_size": [6, 35]},
								"south": {"uv": [4, 35], "uv_size": [4, 35]},
								"west": {"uv": [6, 0], "uv_size": [6, 35]},
								"up": {"uv": [32, 24], "uv_size": [4, 6]},
								"down": {"uv": [8, 41], "uv_size": [4, -6]}
							}
						},
						{
							"origin": [-5, 22, -5],
							"size": [10, 15, 10],
							"uv": {
								"north": {"uv": [12, 0], "uv_size": [10, 15]},
								"east": {"uv": [12, 15], "uv_size": [10, 15]},
								"south": {"uv": [22, 0], "uv_size": [10, 15]},
								"west": {"uv": [22, 15], "uv_size": [10, 15]},
								"up": {"uv": [36, 24], "uv_size": [10, 10]},
								"down": {"uv": [36, 44], "uv_size": [10, -10]}
							}
						},
						{
							"origin": [-4, 28, -12],
							"size": [8, 8, 6],
							"uv": {
								"north": {"uv": [53, 34], "uv_size": [8, 8]},
								"east": {"uv": [22, 52], "uv_size": [6, 8]},
								"south": {"uv": [48, 58], "uv_size": [8, 8]},
								"west": {"uv": [56, 58], "uv_size": [6, 8]},
								"up": {"uv": [22, 60], "uv_size": [8, 6]},
								"down": {"uv": [60, 48], "uv_size": [8, -6]}
							}
						},
						{
							"origin": [-6, 26, -7],
							"size": [12, 12, 7],
							"uv": {
								"north": {"uv": [12, 30], "uv_size": [12, 12]},
								"east": {"uv": [46, 20], "uv_size": [7, 12]},
								"south": {"uv": [24, 30], "uv_size": [12, 12]},
								"west": {"uv": [46, 32], "uv_size": [7, 12]},
								"up": {"uv": [48, 44], "uv_size": [12, 7]},
								"down": {"uv": [48, 58], "uv_size": [12, -7]}
							}
						},
						{
							"origin": [-6, 26, 0],
							"size": [12, 12, 7],
							"uv": {
								"north": {"uv": [32, 0], "uv_size": [12, 12]},
								"east": {"uv": [8, 52], "uv_size": [7, 12]},
								"south": {"uv": [32, 12], "uv_size": [12, 12]},
								"west": {"uv": [15, 52], "uv_size": [7, 12]},
								"up": {"uv": [53, 20], "uv_size": [12, 7]},
								"down": {"uv": [53, 34], "uv_size": [12, -7]}
							}
						},
						{
							"origin": [-5, 27, -16],
							"size": [10, 10, 4],
							"uv": {
								"north": {"uv": [8, 42], "uv_size": [10, 10]},
								"east": {"uv": [60, 48], "uv_size": [4, 10]},
								"south": {"uv": [18, 42], "uv_size": [10, 10]},
								"west": {"uv": [61, 0], "uv_size": [4, 10]},
								"up": {"uv": [61, 10], "uv_size": [10, 4]},
								"down": {"uv": [61, 18], "uv_size": [10, -4]}
							}
						}
					]
				},
				{
					"name": "bone",
					"parent": "bb_main",
					"pivot": [-0.2, 38, 7],
					"rotation": [-27.5, 0, 0],
					"cubes": [
						{
							"origin": [0.8, 33, 7],
							"size": [5, 5, 17],
							"uv": {
								"north": {"uv": [30, 61], "uv_size": [5, 5]},
								"east": {"uv": [44, 0], "uv_size": [17, 5]},
								"south": {"uv": [61, 34], "uv_size": [5, 5]},
								"west": {"uv": [44, 5], "uv_size": [17, 5]},
								"up": {"uv": [28, 42], "uv_size": [5, 17]},
								"down": {"uv": [33, 61], "uv_size": [5, -17]}
							}
						}
					]
				},
				{
					"name": "bone2",
					"parent": "bb_main",
					"pivot": [0.2, 38, 7],
					"rotation": [-27.5, 0, 0],
					"cubes": [
						{
							"origin": [-5.8, 33, 7],
							"size": [5, 5, 17],
							"uv": {
								"north": {"uv": [35, 61], "uv_size": [5, 5]},
								"east": {"uv": [44, 10], "uv_size": [17, 5]},
								"south": {"uv": [40, 61], "uv_size": [5, 5]},
								"west": {"uv": [44, 15], "uv_size": [17, 5]},
								"up": {"uv": [38, 44], "uv_size": [5, 17]},
								"down": {"uv": [43, 61], "uv_size": [5, -17]}
							}
						}
					]
				}
			]
		}
	]
}