{
	"format_version": "1.12.0",
	"minecraft:geometry": [
		{
			"description": {
				"identifier": "geometry.battle_axe",
				"texture_width": 64,
				"texture_height": 64,
				"visible_bounds_width": 3,
				"visible_bounds_height": 4.5,
				"visible_bounds_offset": [0, 1.75, 0]
			},
			"bones": [
				{
					"name": "bb_main",
					"pivot": [0, 0, 0],
					"cubes": [
						{
							"origin": [-2, -5, -2],
							"size": [4, 11, 4],
							"inflate": -0.01,
							"uv": {
								"north": {"uv": [28, 12], "uv_size": [4, 11]},
								"east": {"uv": [18, 28], "uv_size": [4, 11]},
								"south": {"uv": [22, 28], "uv_size": [4, 11]},
								"west": {"uv": [28, 23], "uv_size": [4, 11]},
								"up": {"uv": [47, 18], "uv_size": [4, 4]},
								"down": {"uv": [47, 26], "uv_size": [4, -4]}
							}
						},
						{
							"origin": [-1.5, 6, -1.5],
							"size": [3, 3, 3],
							"uv": {
								"north": {"uv": [56, 18], "uv_size": [3, 3]},
								"east": {"uv": [56, 21], "uv_size": [3, 3]},
								"south": {"uv": [56, 24], "uv_size": [3, 3]},
								"west": {"uv": [56, 27], "uv_size": [3, 3]},
								"up": {"uv": [56, 30], "uv_size": [3, 3]},
								"down": {"uv": [56, 36], "uv_size": [3, -3]}
							}
						},
						{
							"origin": [-1, 9, -1],
							"size": [2, 15, 2],
							"uv": {
								"north": {"uv": [38, 36], "uv_size": [2, 15]},
								"east": {"uv": [0, 39], "uv_size": [2, 15]},
								"south": {"uv": [2, 39], "uv_size": [2, 15]},
								"west": {"uv": [4, 39], "uv_size": [2, 15]},
								"up": {"uv": [26, 12], "uv_size": [2, 2]},
								"down": {"uv": [18, 28], "uv_size": [2, -2]}
							}
						},
						{
							"origin": [-1.5, 24, -1.5],
							"size": [3, 12, 3],
							"uv": {
								"north": {"uv": [35, 0], "uv_size": [3, 12]},
								"east": {"uv": [38, 0], "uv_size": [3, 12]},
								"south": {"uv": [38, 12], "uv_size": [3, 12]},
								"west": {"uv": [38, 24], "uv_size": [3, 12]},
								"up": {"uv": [56, 36], "uv_size": [3, 3]},
								"down": {"uv": [56, 42], "uv_size": [3, -3]}
							}
						},
						{
							"origin": [0, 36, -2],
							"size": [0, 6, 4],
							"pivot": [0, 40, 0],
							"rotation": [0, 44.5, 0],
							"uv": {
								"north": {"uv": [0, 0], "uv_size": [0, 6]},
								"east": {"uv": [6, 39], "uv_size": [4, 6]},
								"south": {"uv": [0, 0], "uv_size": [0, 6]},
								"west": {"uv": [10, 39], "uv_size": [4, 6]},
								"up": {"uv": [0, 0], "uv_size": [0, 4]},
								"down": {"uv": [0, 4], "uv_size": [0, -4]}
							}
						},
						{
							"origin": [0, 36, -2],
							"size": [0, 6, 4],
							"pivot": [0, 40, 0],
							"rotation": [0, -44.5, 0],
							"uv": {
								"north": {"uv": [0, 0], "uv_size": [0, 6]},
								"east": {"uv": [14, 39], "uv_size": [4, 6]},
								"south": {"uv": [0, 0], "uv_size": [0, 6]},
								"west": {"uv": [18, 39], "uv_size": [4, 6]},
								"up": {"uv": [0, 0], "uv_size": [0, 4]},
								"down": {"uv": [0, 4], "uv_size": [0, -4]}
							}
						},
						{
							"origin": [-1.5, -6, -1.5],
							"size": [3, 1, 3],
							"uv": {
								"north": {"uv": [22, 58], "uv_size": [3, 1]},
								"east": {"uv": [25, 58], "uv_size": [3, 1]},
								"south": {"uv": [28, 58], "uv_size": [3, 1]},
								"west": {"uv": [58, 46], "uv_size": [3, 1]},
								"up": {"uv": [55, 15], "uv_size": [3, 3]},
								"down": {"uv": [54, 58], "uv_size": [3, -3]}
							}
						},
						{
							"origin": [-2, 29, -1],
							"size": [4, 4, 2],
							"uv": {
								"north": {"uv": [49, 8], "uv_size": [4, 4]},
								"east": {"uv": [40, 55], "uv_size": [2, 4]},
								"south": {"uv": [49, 12], "uv_size": [4, 4]},
								"west": {"uv": [46, 55], "uv_size": [2, 4]},
								"up": {"uv": [56, 42], "uv_size": [4, 2]},
								"down": {"uv": [56, 46], "uv_size": [4, -2]}
							}
						},
						{
							"origin": [-1, 25.2625, -2.6725],
							"size": [2, 9.55, 2],
							"inflate": -0.27,
							"pivot": [0, 30.8125, -1.6725],
							"rotation": [0, 45, 0],
							"uv": {
								"north": {"uv": [43, 0], "uv_size": [-2, 10]},
								"east": {"uv": [42, 36], "uv_size": [-2, 10]},
								"south": {"uv": [38, 40], "uv_size": [-2, 10]},
								"west": {"uv": [43, 10], "uv_size": [-2, 10]},
								"up": {"uv": [49, 18], "uv_size": [2, -2]},
								"down": {"uv": [56, 46], "uv_size": [2, 2]}
							}
						},
						{
							"origin": [7.5, 23.2625, -11.1725],
							"size": [2, 12.55, 2],
							"inflate": -0.27,
							"pivot": [0, 30.8125, -1.6725],
							"rotation": [0, 45, 0],
							"uv": {
								"north": {"uv": [43, 0], "uv_size": [-2, 10]},
								"east": {"uv": [42, 36], "uv_size": [-2, 10]},
								"south": {"uv": [38, 40], "uv_size": [-2, 10]},
								"west": {"uv": [43, 10], "uv_size": [-2, 10]},
								"up": {"uv": [49, 18], "uv_size": [2, -2]},
								"down": {"uv": [56, 46], "uv_size": [2, 2]}
							}
						},
						{
							"origin": [-6.5, 26.2625, 2.8275],
							"size": [2, 7.55, 2],
							"inflate": -0.27,
							"pivot": [0, 30.8125, -1.6725],
							"rotation": [0, 45, 0],
							"uv": {
								"north": {"uv": [43, 0], "uv_size": [-2, 10]},
								"east": {"uv": [42, 36], "uv_size": [-2, 10]},
								"south": {"uv": [38, 40], "uv_size": [-2, 10]},
								"west": {"uv": [43, 10], "uv_size": [-2, 10]},
								"up": {"uv": [49, 18], "uv_size": [2, -2]},
								"down": {"uv": [56, 46], "uv_size": [2, 2]}
							}
						},
						{
							"origin": [-1, 33.48344, -5.05097],
							"size": [2, 8.925, 2],
							"inflate": -0.29,
							"pivot": [0, 37.94594, -4.05097],
							"rotation": [44.71911, 35.39626, 29.83757],
							"uv": {
								"north": {"uv": [48, 28], "uv_size": [-2, 9]},
								"east": {"uv": [22, 45], "uv_size": [-2, 9]},
								"south": {"uv": [47, 19], "uv_size": [-2, 9]},
								"west": {"uv": [48, 37], "uv_size": [-2, 9]},
								"up": {"uv": [56, 50], "uv_size": [2, -2]},
								"down": {"uv": [56, 50], "uv_size": [2, 2]}
							}
						},
						{
							"origin": [-5.25, 27.48344, -0.80097],
							"size": [2, 5.925, 2],
							"inflate": -0.29,
							"pivot": [0, 37.94594, -4.05097],
							"rotation": [44.71911, 35.39626, 29.83757],
							"uv": {
								"north": {"uv": [48, 28], "uv_size": [-2, 9]},
								"east": {"uv": [22, 45], "uv_size": [-2, 9]},
								"south": {"uv": [47, 19], "uv_size": [-2, 9]},
								"west": {"uv": [48, 37], "uv_size": [-2, 9]},
								"up": {"uv": [56, 50], "uv_size": [2, -2]},
								"down": {"uv": [56, 50], "uv_size": [2, 2]}
							}
						},
						{
							"origin": [-0.70355, 40.82659, -6.89603],
							"size": [1.4, 0.9375, 1.4],
							"pivot": [-0.00355, 41.29534, -6.19603],
							"rotation": [84.68153, -5.29571, -44.75386],
							"uv": {
								"north": {"uv": [42, 32], "uv_size": [-1, 1]},
								"east": {"uv": [42, 31], "uv_size": [-1, 1]},
								"south": {"uv": [42, 30], "uv_size": [-1, 1]},
								"west": {"uv": [42, 33], "uv_size": [-1, 1]},
								"up": {"uv": [41, 35], "uv_size": [1, -1]},
								"down": {"uv": [41, 35], "uv_size": [1, 1]}
							}
						},
						{
							"origin": [-0.70355, 17.79841, -7.27103],
							"size": [1.4, 0.9375, 1.4],
							"pivot": [-0.00355, 18.26716, -6.57103],
							"rotation": [-84.68153, -5.29571, 44.75386],
							"uv": {
								"north": {"uv": [57, 54], "uv_size": [-1, 1]},
								"east": {"uv": [56, 18], "uv_size": [-1, 1]},
								"south": {"uv": [54, 22], "uv_size": [-1, 1]},
								"west": {"uv": [58, 14], "uv_size": [-1, 1]},
								"up": {"uv": [31, 59], "uv_size": [1, -1]},
								"down": {"uv": [38, 58], "uv_size": [1, 1]}
							}
						},
						{
							"origin": [-0.50355, 33.8315, -2.45144],
							"size": [1.4, 1.3125, 1.4],
							"pivot": [-0.00355, 34.3315, -1.95144],
							"rotation": [0, -45, 0],
							"uv": {
								"north": {"uv": [53, 7], "uv_size": [-1, 1]},
								"east": {"uv": [52, 25], "uv_size": [-1, 1]},
								"south": {"uv": [52, 24], "uv_size": [-1, 1]},
								"west": {"uv": [54, 19], "uv_size": [-1, 1]},
								"up": {"uv": [53, 21], "uv_size": [1, -1]},
								"down": {"uv": [53, 21], "uv_size": [1, 1]}
							}
						},
						{
							"origin": [-0.50355, 24.8315, -2.45144],
							"size": [1.4, 1.3125, 1.4],
							"pivot": [-0.00355, 25.3315, -1.95144],
							"rotation": [0, -45, 0],
							"uv": {
								"north": {"uv": [48, 26], "uv_size": [-1, 1]},
								"east": {"uv": [46, 29], "uv_size": [-1, 1]},
								"south": {"uv": [46, 28], "uv_size": [-1, 1]},
								"west": {"uv": [48, 27], "uv_size": [-1, 1]},
								"up": {"uv": [51, 8], "uv_size": [1, -1]},
								"down": {"uv": [51, 23], "uv_size": [1, 1]}
							}
						},
						{
							"origin": [-1, 39.23344, -9.55097],
							"size": [2, 6.7125, 2],
							"inflate": -0.29,
							"pivot": [0, 41.63344, -8.55097],
							"rotation": [84.68153, 5.29571, 44.75386],
							"uv": {
								"north": {"uv": [34, 52], "uv_size": [-2, 7]},
								"east": {"uv": [54, 30], "uv_size": [-2, 7]},
								"south": {"uv": [54, 23], "uv_size": [-2, 7]},
								"west": {"uv": [36, 52], "uv_size": [-2, 7]},
								"up": {"uv": [56, 54], "uv_size": [2, -2]},
								"down": {"uv": [57, 0], "uv_size": [2, 2]}
							}
						},
						{
							"origin": [-18.25, -28.55097, 3.55406],
							"size": [2, 2, 7.7125],
							"inflate": -0.29,
							"pivot": [0, -8.55097, -41.63344],
							"rotation": [85, 45, -5],
							"uv": {
								"north": {"uv": [58, 52], "uv_size": [-2, 2]},
								"east": {"uv": [54, 30], "uv_size": [-2, 7]},
								"south": {"uv": [59, 2], "uv_size": [-2, -2]},
								"west": {"uv": [36, 52], "uv_size": [-2, 7]},
								"up": {"uv": [52, 30], "uv_size": [2, -7]},
								"down": {"uv": [32, 59], "uv_size": [2, -7]}
							}
						},
						{
							"origin": [-1, 17.01656, -5.10097],
							"size": [2, 9.55, 2],
							"inflate": -0.29,
							"pivot": [0, 22.10406, -4.10097],
							"rotation": [-44.71911, 35.39626, -29.83757],
							"uv": {
								"north": {"uv": [30, 41], "uv_size": [-2, 10]},
								"east": {"uv": [28, 41], "uv_size": [-2, 10]},
								"south": {"uv": [43, 20], "uv_size": [-2, 10]},
								"west": {"uv": [32, 41], "uv_size": [-2, 10]},
								"up": {"uv": [57, 8], "uv_size": [2, -2]},
								"down": {"uv": [57, 8], "uv_size": [2, 2]}
							}
						},
						{
							"origin": [-5.25, 27.01656, -0.85097],
							"size": [2, 5.55, 2],
							"inflate": -0.29,
							"pivot": [0, 22.10406, -4.10097],
							"rotation": [-44.71911, 35.39626, -29.83757],
							"uv": {
								"north": {"uv": [30, 41], "uv_size": [-2, 10]},
								"east": {"uv": [28, 41], "uv_size": [-2, 10]},
								"south": {"uv": [43, 20], "uv_size": [-2, 10]},
								"west": {"uv": [32, 41], "uv_size": [-2, 10]},
								"up": {"uv": [57, 8], "uv_size": [2, -2]},
								"down": {"uv": [57, 8], "uv_size": [2, 2]}
							}
						},
						{
							"origin": [-1, 13.61656, -9.60097],
							"size": [2, 6.3625, 2],
							"inflate": -0.29,
							"pivot": [0, 17.92906, -8.60097],
							"rotation": [-84.68153, 5.29571, -44.75386],
							"uv": {
								"north": {"uv": [22, 54], "uv_size": [-2, 6]},
								"east": {"uv": [56, 19], "uv_size": [-2, 6]},
								"south": {"uv": [20, 54], "uv_size": [-2, 6]},
								"west": {"uv": [56, 25], "uv_size": [-2, 6]},
								"up": {"uv": [57, 4], "uv_size": [2, -2]},
								"down": {"uv": [57, 4], "uv_size": [2, 2]}
							}
						},
						{
							"origin": [-22.75, -14.14903, 0.61656],
							"size": [2, 2, 8.3625],
							"inflate": -0.29,
							"pivot": [0, 8.60097, 17.92906],
							"rotation": [-87.16214, -44.93172, -1.77849],
							"uv": {
								"north": {"uv": [59, 6], "uv_size": [-2, -2]},
								"east": {"uv": [56, 19], "uv_size": [-2, 6]},
								"south": {"uv": [59, 2], "uv_size": [-2, 2]},
								"west": {"uv": [56, 25], "uv_size": [-2, 6]},
								"up": {"uv": [20, 60], "uv_size": [2, -6]},
								"down": {"uv": [18, 60], "uv_size": [2, -6]}
							}
						}
					]
				},
				{
					"name": "blade2",
					"pivot": [0, 29.25, -12],
					"cubes": [
						{
							"origin": [-1, 24, -13.5],
							"size": [2, 12, 5],
							"inflate": 0.025,
							"uv": {
								"north": {"uv": [36, 40], "uv_size": [-2, 12]},
								"east": {"uv": [15, 14], "uv_size": [-5, 12]},
								"south": {"uv": [34, 40], "uv_size": [-2, 12]},
								"west": {"uv": [20, 14], "uv_size": [-5, 12]},
								"up": {"uv": [55, 10], "uv_size": [2, -5]},
								"down": {"uv": [55, 10], "uv_size": [2, 5]}
							}
						},
						{
							"origin": [-1, 35, -14.125],
							"size": [2, 7, 6.125],
							"inflate": 0.0015,
							"pivot": [0, 30, -12],
							"rotation": [-7.5, 0, 0],
							"uv": {
								"north": {"uv": [53, 16], "uv_size": [-2, 7]},
								"east": {"uv": [38, 19], "uv_size": [-6, 7]},
								"south": {"uv": [53, 0], "uv_size": [-2, 7]},
								"west": {"uv": [38, 26], "uv_size": [-6, 7]},
								"up": {"uv": [6, 60], "uv_size": [2, -6]},
								"down": {"uv": [8, 54], "uv_size": [2, 6]}
							}
						},
						{
							"origin": [-1, 36, -18.875],
							"size": [2, 6.5, 8.3125],
							"inflate": -0.01,
							"pivot": [0, 30, -13.75],
							"rotation": [-55, 0, 0],
							"uv": {
								"north": {"uv": [26, 51], "uv_size": [-2, 7]},
								"east": {"uv": [28, 14], "uv_size": [-8, 7]},
								"south": {"uv": [24, 51], "uv_size": [-2, 7]},
								"west": {"uv": [28, 21], "uv_size": [-8, 7]},
								"up": {"uv": [48, 50], "uv_size": [2, -8]},
								"down": {"uv": [49, 0], "uv_size": [2, 8]}
							}
						},
						{
							"origin": [-1, 42, -9.875],
							"size": [2, 6.5, 5.3125],
							"inflate": -0.01,
							"pivot": [0, 30, -13.75],
							"rotation": [-55, 0, 0],
							"uv": {
								"north": {"uv": [26, 51], "uv_size": [-2, 7]},
								"east": {"uv": [28, 14], "uv_size": [-8, 7]},
								"south": {"uv": [24, 51], "uv_size": [-2, 7]},
								"west": {"uv": [28, 21], "uv_size": [-8, 7]},
								"up": {"uv": [48, 50], "uv_size": [2, -8]},
								"down": {"uv": [49, 0], "uv_size": [2, 8]}
							}
						},
						{
							"origin": [-1, 18.6875, -18.8375],
							"size": [2, 7, 9],
							"inflate": 0.02,
							"pivot": [0, 30.6875, -13.7125],
							"rotation": [90, 0, 0],
							"uv": {
								"north": {"uv": [30, 51], "uv_size": [-2, 7]},
								"east": {"uv": [18, 0], "uv_size": [-9, 7]},
								"south": {"uv": [28, 51], "uv_size": [-2, 7]},
								"west": {"uv": [18, 7], "uv_size": [-9, 7]},
								"up": {"uv": [12, 54], "uv_size": [2, -9]},
								"down": {"uv": [14, 45], "uv_size": [2, 9]}
							}
						},
						{
							"origin": [-1, 10.6875, -17.8375],
							"size": [2, 7, 7],
							"inflate": 0.02,
							"pivot": [0, 30.6875, -13.7125],
							"rotation": [90, 0, 0],
							"uv": {
								"north": {"uv": [30, 51], "uv_size": [-2, 7]},
								"east": {"uv": [18, 0], "uv_size": [-9, 7]},
								"south": {"uv": [28, 51], "uv_size": [-2, 7]},
								"west": {"uv": [18, 7], "uv_size": [-9, 7]},
								"up": {"uv": [12, 54], "uv_size": [2, -9]},
								"down": {"uv": [14, 45], "uv_size": [2, 9]}
							}
						},
						{
							"origin": [-1, 17.25, -18.875],
							"size": [2, 6, 9],
							"inflate": -0.01,
							"pivot": [0, 29.25, -13.75],
							"rotation": [55, 0, 0],
							"uv": {
								"north": {"uv": [14, 54], "uv_size": [-2, 6]},
								"east": {"uv": [35, 6], "uv_size": [-9, 6]},
								"south": {"uv": [12, 54], "uv_size": [-2, 6]},
								"west": {"uv": [18, 26], "uv_size": [-9, 6]},
								"up": {"uv": [16, 54], "uv_size": [2, -9]},
								"down": {"uv": [18, 45], "uv_size": [2, 9]}
							}
						},
						{
							"origin": [-1, 11.25, -8.875],
							"size": [2, 6, 5],
							"inflate": -0.01,
							"pivot": [0, 29.25, -13.75],
							"rotation": [55, 0, 0],
							"uv": {
								"north": {"uv": [14, 54], "uv_size": [-2, 6]},
								"east": {"uv": [35, 6], "uv_size": [-9, 6]},
								"south": {"uv": [12, 54], "uv_size": [-2, 6]},
								"west": {"uv": [18, 26], "uv_size": [-9, 6]},
								"up": {"uv": [16, 54], "uv_size": [2, -9]},
								"down": {"uv": [18, 45], "uv_size": [2, 9]}
							}
						},
						{
							"origin": [-1, 17.5875, -14.125],
							"size": [2, 6.6625, 5.775],
							"inflate": 0.0015,
							"pivot": [0, 29.25, -12],
							"rotation": [7.5, 0, 0],
							"uv": {
								"north": {"uv": [40, 51], "uv_size": [-2, 7]},
								"east": {"uv": [38, 33], "uv_size": [-6, 7]},
								"south": {"uv": [32, 51], "uv_size": [-2, 7]},
								"west": {"uv": [32, 34], "uv_size": [-6, 7]},
								"up": {"uv": [14, 60], "uv_size": [2, -6]},
								"down": {"uv": [16, 54], "uv_size": [2, 6]}
							}
						}
					]
				}
			]
		}
	]
}