{
	"format_version": "1.12.0",
	"minecraft:geometry": [
		{
			"description": {
				"identifier": "geometry.big_bertha",
				"texture_width": 32,
				"texture_height": 64,
				"visible_bounds_width": 3,
				"visible_bounds_height": 5,
				"visible_bounds_offset": [0, 1.5, 0]
			},
			"bones": [
				{
					"name": "Blade",
					"pivot": [0, 10.75, 0],
					"rotation": [0, -90, 0],
					"cubes": [
						{
							"origin": [-2, 6.75, -0.5],
							"size": [4, 40, 1],
							"uv": {
								"north": {"uv": [0, 0], "uv_size": [8, 40]},
								"east": {"uv": [8, 0], "uv_size": [3, 40]},
								"south": {"uv": [0, 0], "uv_size": [8, 40]},
								"west": {"uv": [8, 0], "uv_size": [3, 40]},
								"up": {"uv": [8, 1], "uv_size": [-8, -1]},
								"down": {"uv": [8, 41], "uv_size": [-8, -1]}
							}
						},
						{
							"origin": [4, 42.75, -0.5],
							"size": [0, 1, 1],
							"uv": {
								"up": {"uv": [12, 3], "uv_size": [-1, -3]},
								"down": {"uv": [1, 3], "uv_size": [-1, -3]}
							}
						},
						{
							"origin": [1.5, 43.75, -0.5],
							"size": [0, 1, 1],
							"uv": {
								"west": {"uv": [8, 3], "uv_size": [3, 1]},
								"up": {"uv": [12, 3], "uv_size": [-1, -3]},
								"down": {"uv": [1, 3], "uv_size": [-1, -3]}
							}
						},
						{
							"origin": [1, 44.75, -0.5],
							"size": [0, 1, 1],
							"uv": {
								"west": {"uv": [8, 3], "uv_size": [3, 1]},
								"up": {"uv": [12, 3], "uv_size": [-1, -3]},
								"down": {"uv": [1, 3], "uv_size": [-1, -3]}
							}
						},
						{
							"origin": [0.5, 45.75, -0.5],
							"size": [0, 1, 1],
							"uv": {
								"east": {"uv": [11, 0], "uv_size": [3, 1]},
								"west": {"uv": [11, 0], "uv_size": [3, 1]}
							}
						},
						{
							"origin": [-3, 42.75, -0.5],
							"size": [0, 1, 1],
							"uv": {
								"up": {"uv": [12, 3], "uv_size": [-1, -3]},
								"down": {"uv": [1, 3], "uv_size": [-1, -3]}
							}
						},
						{
							"origin": [-1.5, 43.75, -0.5],
							"size": [0, 1, 1],
							"uv": {
								"east": {"uv": [8, 3], "uv_size": [3, 1]},
								"up": {"uv": [12, 3], "uv_size": [-1, -3]},
								"down": {"uv": [1, 3], "uv_size": [-1, -3]}
							}
						},
						{
							"origin": [-1, 44.75, -0.5],
							"size": [0, 1, 1],
							"uv": {
								"east": {"uv": [8, 3], "uv_size": [3, 1]},
								"up": {"uv": [12, 3], "uv_size": [-1, -3]},
								"down": {"uv": [1, 3], "uv_size": [-1, -3]}
							}
						}
					]
				},
				{
					"name": "Guard",
					"pivot": [0, 11, 0],
					"cubes": [
						{
							"origin": [-1, 4.001, -2],
							"size": [2, 3, 4],
							"uv": {
								"north": {"uv": [11, 3], "uv_size": [4, 3]},
								"east": {"uv": [11, 6], "uv_size": [12, 3]},
								"south": {"uv": [11, 3], "uv_size": [4, 3]},
								"west": {"uv": [11, 6], "uv_size": [12, 3]},
								"up": {"uv": [15, 21], "uv_size": [-4, -12]},
								"down": {"uv": [19, 21], "uv_size": [-4, -12]}
							}
						},
						{
							"origin": [-6.25, 4.5001, 3.65],
							"size": [1, 6, 2],
							"pivot": [-5.75, 7.7501, 0],
							"rotation": [0, 90, 0],
							"uv": {
								"north": {"uv": [14, 24], "uv_size": [-3, 6]},
								"east": {"uv": [14, 24], "uv_size": [-3, 6]},
								"south": {"uv": [14, 24], "uv_size": [-3, 6]},
								"west": {"uv": [14, 24], "uv_size": [-3, 6]},
								"up": {"uv": [11, 24], "uv_size": [3, -3]},
								"down": {"uv": [11, 24], "uv_size": [3, -3]}
							}
						},
						{
							"origin": [5.25, 4.5001, 3.65],
							"size": [1, 6, 2],
							"pivot": [5.75, 7.7501, 0],
							"rotation": [0, -90, 0],
							"uv": {
								"north": {"uv": [14, 24], "uv_size": [-3, 6]},
								"east": {"uv": [14, 24], "uv_size": [-3, 6]},
								"south": {"uv": [14, 24], "uv_size": [-3, 6]},
								"west": {"uv": [14, 24], "uv_size": [-3, 6]},
								"up": {"uv": [11, 24], "uv_size": [3, -3]},
								"down": {"uv": [11, 24], "uv_size": [3, -3]}
							}
						},
						{
							"origin": [-3.75, 4.5001, 5.25],
							"size": [1, 6, 1],
							"pivot": [0, 7.7501, 5.75],
							"rotation": [0, -90, 0],
							"uv": {
								"north": {"uv": [14, 24], "uv_size": [-3, 6]},
								"east": {"uv": [14, 24], "uv_size": [-3, 6]},
								"south": {"uv": [14, 24], "uv_size": [-3, 6]},
								"west": {"uv": [14, 24], "uv_size": [-3, 6]},
								"up": {"uv": [11, 24], "uv_size": [3, -3]},
								"down": {"uv": [11, 24], "uv_size": [3, -3]}
							}
						},
						{
							"origin": [2.75, 4.5001, -6.25],
							"size": [1, 6, 1],
							"pivot": [0, 7.7501, -5.75],
							"rotation": [0, -90, 0],
							"uv": {
								"north": {"uv": [14, 24], "uv_size": [-3, 6]},
								"east": {"uv": [14, 24], "uv_size": [-3, 6]},
								"south": {"uv": [14, 24], "uv_size": [-3, 6]},
								"west": {"uv": [14, 24], "uv_size": [-3, 6]},
								"up": {"uv": [11, 24], "uv_size": [3, -3]},
								"down": {"uv": [11, 24], "uv_size": [3, -3]}
							}
						},
						{
							"origin": [3.5, 10.5001, -7],
							"size": [1, 6, 1],
							"pivot": [0, 13.5001, -6.5],
							"rotation": [0, -90, 0],
							"uv": {
								"north": {"uv": [6, 48], "uv_size": [-2, 6]},
								"east": {"uv": [6, 48], "uv_size": [-2, 6]},
								"south": {"uv": [6, 48], "uv_size": [-2, 6]},
								"west": {"uv": [6, 48], "uv_size": [-2, 6]},
								"up": {"uv": [4, 48], "uv_size": [2, -2]},
								"down": {"uv": [6, 48], "uv_size": [2, -2]}
							}
						},
						{
							"origin": [-7, 10.5001, -6],
							"size": [1, 6, 1],
							"pivot": [-6.5, 13.5001, 0],
							"rotation": [0, -90, 0],
							"uv": {
								"north": {"uv": [6, 48], "uv_size": [-2, 6]},
								"east": {"uv": [6, 48], "uv_size": [-2, 6]},
								"south": {"uv": [6, 48], "uv_size": [-2, 6]},
								"west": {"uv": [6, 48], "uv_size": [-2, 6]},
								"up": {"uv": [4, 48], "uv_size": [2, -2]},
								"down": {"uv": [6, 48], "uv_size": [2, -2]}
							}
						},
						{
							"origin": [-4.5, 10.5001, 6],
							"size": [1, 6, 1],
							"pivot": [0, 13.5001, 6.5],
							"rotation": [0, -90, 0],
							"uv": {
								"north": {"uv": [6, 48], "uv_size": [-2, 6]},
								"east": {"uv": [6, 48], "uv_size": [-2, 6]},
								"south": {"uv": [6, 48], "uv_size": [-2, 6]},
								"west": {"uv": [6, 48], "uv_size": [-2, 6]},
								"up": {"uv": [4, 48], "uv_size": [2, -2]},
								"down": {"uv": [6, 48], "uv_size": [2, -2]}
							}
						},
						{
							"origin": [6, 10.5001, 5],
							"size": [1, 6, 1],
							"pivot": [6.5, 13.5001, 0],
							"rotation": [0, -90, 0],
							"uv": {
								"north": {"uv": [6, 48], "uv_size": [-2, 6]},
								"east": {"uv": [6, 48], "uv_size": [-2, 6]},
								"south": {"uv": [6, 48], "uv_size": [-2, 6]},
								"west": {"uv": [6, 48], "uv_size": [-2, 6]},
								"up": {"uv": [4, 48], "uv_size": [2, -2]},
								"down": {"uv": [6, 48], "uv_size": [2, -2]}
							}
						}
					]
				},
				{
					"name": "Handle",
					"pivot": [-0.5, 0.25, 0],
					"cubes": [
						{
							"origin": [-0.5, -15, -0.5],
							"size": [1, 4, 1],
							"uv": {
								"north": {"uv": [0, 60], "uv_size": [4, 4]},
								"east": {"uv": [0, 60], "uv_size": [4, 4]},
								"south": {"uv": [0, 60], "uv_size": [4, 4]},
								"west": {"uv": [0, 60], "uv_size": [4, 4]},
								"up": {"uv": [4, 64], "uv_size": [-4, -4]},
								"down": {"uv": [4, 64], "uv_size": [-4, -4]}
							}
						},
						{
							"origin": [-1, -12, -1],
							"size": [2, 4, 2],
							"uv": {
								"north": {"uv": [4, 54], "uv_size": [6, 4]},
								"east": {"uv": [4, 54], "uv_size": [6, 4]},
								"south": {"uv": [4, 54], "uv_size": [6, 4]},
								"west": {"uv": [4, 54], "uv_size": [6, 4]},
								"up": {"uv": [10, 64], "uv_size": [-6, -6]},
								"down": {"uv": [10, 64], "uv_size": [-6, -6]}
							}
						},
						{
							"origin": [-0.5, -8, -0.5],
							"size": [1, 12, 1],
							"uv": {
								"north": {"uv": [0, 45], "uv_size": [4, 12]},
								"east": {"uv": [0, 45], "uv_size": [4, 12]},
								"south": {"uv": [0, 45], "uv_size": [4, 12]},
								"west": {"uv": [0, 45], "uv_size": [4, 12]},
								"up": {"uv": [4, 45], "uv_size": [-4, -4]},
								"down": {"uv": [4, 45], "uv_size": [-4, -4]}
							}
						}
					]
				}
			]
		}
	]
}