{
	"format_version": "1.12.0",
	"minecraft:geometry": [
		{
			"description": {
				"identifier": "geometry.royal_guardian_sword",
				"texture_width": 80,
				"texture_height": 80,
				"visible_bounds_width": 4,
				"visible_bounds_height": 6,
				"visible_bounds_offset": [0, 2, 0]
			},
			"bones": [
				{
					"name": "Blade",
					"pivot": [0, 10.75, 0],
					"rotation": [0, -90, 0],
					"cubes": [
						{
							"origin": [-4, 6.75, -1.5],
							"size": [8, 12, 3],
							"uv": {
								"north": {"uv": [0, 35], "uv_size": [8, 12]},
								"east": {"uv": [16, 35], "uv_size": [3, 12]},
								"south": {"uv": [8, 35], "uv_size": [8, 12]},
								"west": {"uv": [19, 35], "uv_size": [3, 12]},
								"up": {"uv": [34, 42], "uv_size": [8, 3]},
								"down": {"uv": [42, 45], "uv_size": [8, -3]}
							}
						},
						{
							"origin": [25.54289, 26.79289, -1.5],
							"size": [6, 6, 3],
							"inflate": -0.08,
							"pivot": [1, 58.75, 0],
							"rotation": [0, 0, 45],
							"uv": {
								"north": {"uv": [22, 42], "uv_size": [6, 6]},
								"east": {"uv": [48, 3], "uv_size": [3, 6]},
								"south": {"uv": [28, 42], "uv_size": [6, 6]},
								"west": {"uv": [22, 48], "uv_size": [3, 6]},
								"up": {"uv": [48, 9], "uv_size": [6, 3]},
								"down": {"uv": [25, 51], "uv_size": [6, -3]}
							}
						}
					]
				},
				{
					"name": "Guard",
					"pivot": [0, 11, 0],
					"cubes": [
						{
							"origin": [-2, 4.001, -9],
							"size": [4, 3, 18],
							"uv": {
								"north": {"uv": [54, 0], "uv_size": [4, 3]},
								"east": {"uv": [30, 0], "uv_size": [18, 3]},
								"south": {"uv": [54, 9], "uv_size": [4, 3]},
								"west": {"uv": [30, 3], "uv_size": [18, 3]},
								"up": {"uv": [22, 0], "uv_size": [4, 18]},
								"down": {"uv": [22, 36], "uv_size": [4, -18]}
							}
						},
						{
							"origin": [-2, 4.0003, -9],
							"size": [4, 3, 18],
							"pivot": [0, 5.5, 0],
							"rotation": [0, 90, 0],
							"uv": {
								"north": {"uv": [60, 42], "uv_size": [-4, 3]},
								"east": {"uv": [30, 6], "uv_size": [18, 3]},
								"south": {"uv": [56, 42], "uv_size": [4, 3]},
								"west": {"uv": [30, 9], "uv_size": [18, 3]},
								"up": {"uv": [26, 0], "uv_size": [4, 18]},
								"down": {"uv": [26, 36], "uv_size": [-4, -18]}
							}
						}
					]
				},
				{
					"name": "dragon3",
					"parent": "Guard",
					"pivot": [0, 4.94943, -0.01323],
					"rotation": [0, -90, 16],
					"cubes": [
						{
							"origin": [-2.25, 6.67093, -9.50876],
							"size": [3, 6, 3],
							"pivot": [0, 9.92093, -8.00876],
							"rotation": [0, 90, 0],
							"uv": {
								"north": {"uv": [31, 48], "uv_size": [3, 6]},
								"east": {"uv": [46, 48], "uv_size": [3, 6]},
								"south": {"uv": [34, 49], "uv_size": [3, 6]},
								"west": {"uv": [37, 49], "uv_size": [3, 6]},
								"up": {"uv": [52, 45], "uv_size": [3, 3]},
								"down": {"uv": [58, 3], "uv_size": [3, -3]}
							}
						},
						{
							"origin": [-2.25, 11.98343, -8.25876],
							"size": [3, 5, 3],
							"inflate": -0.01,
							"pivot": [-0.5, 12.98343, -7.25876],
							"rotation": [-90, 71.5, -90],
							"uv": {
								"north": {"uv": [53, 20], "uv_size": [3, 5]},
								"east": {"uv": [53, 25], "uv_size": [3, 5]},
								"south": {"uv": [53, 30], "uv_size": [3, 5]},
								"west": {"uv": [21, 54], "uv_size": [3, 5]},
								"up": {"uv": [58, 7], "uv_size": [3, 3]},
								"down": {"uv": [9, 61], "uv_size": [3, -3]}
							}
						},
						{
							"origin": [0.25, 11.98343, -6.25876],
							"size": [1, 5, 0],
							"inflate": -0.01,
							"pivot": [-1, 12.98343, -7.25876],
							"rotation": [-90, 71.5, -90],
							"uv": {
								"north": {"uv": [39, 60], "uv_size": [1, 5]},
								"east": {"uv": [0, 0], "uv_size": [0, 5]},
								"south": {"uv": [2, 62], "uv_size": [1, 5]},
								"west": {"uv": [0, 0], "uv_size": [0, 5]},
								"up": {"uv": [0, 0], "uv_size": [1, 0]},
								"down": {"uv": [0, 0], "uv_size": [1, 0]}
							}
						}
					]
				},
				{
					"name": "head3",
					"parent": "dragon3",
					"pivot": [0, 16.9149, -6.46684],
					"rotation": [77.5, 0, 0],
					"cubes": [
						{
							"origin": [-4.89665, 14.97265, -8.07846],
							"size": [6, 4, 3],
							"pivot": [0, 17.83804, -6.57846],
							"rotation": [-90, 54, -90],
							"uv": {
								"north": {"uv": [44, 12], "uv_size": [6, 4]},
								"east": {"uv": [56, 50], "uv_size": [3, 4]},
								"south": {"uv": [44, 16], "uv_size": [6, 4]},
								"west": {"uv": [57, 3], "uv_size": [3, 4]},
								"up": {"uv": [40, 49], "uv_size": [6, 3]},
								"down": {"uv": [49, 51], "uv_size": [6, -3]}
							}
						},
						{
							"origin": [-0.89665, 17.22265, -7.82846],
							"size": [3, 3, 1],
							"pivot": [0, 17.83804, -6.57846],
							"rotation": [-83.09744, 34.49887, -99.98178],
							"uv": {
								"north": {"uv": [12, 58], "uv_size": [3, 3]},
								"east": {"uv": [24, 54], "uv_size": [1, 3]},
								"south": {"uv": [15, 58], "uv_size": [3, 3]},
								"west": {"uv": [32, 62], "uv_size": [1, 3]},
								"up": {"uv": [53, 35], "uv_size": [3, 1]},
								"down": {"uv": [61, 3], "uv_size": [3, -1]}
							}
						},
						{
							"origin": [-2.10335, 17.22265, -7.82846],
							"size": [3, 3, 1],
							"pivot": [0, 17.83804, -6.57846],
							"rotation": [-83.09744, -34.49887, 99.98178],
							"uv": {
								"north": {"uv": [18, 58], "uv_size": [3, 3]},
								"east": {"uv": [42, 62], "uv_size": [1, 3]},
								"south": {"uv": [58, 35], "uv_size": [3, 3]},
								"west": {"uv": [43, 62], "uv_size": [1, 3]},
								"up": {"uv": [62, 34], "uv_size": [3, 1]},
								"down": {"uv": [62, 49], "uv_size": [3, -1]}
							}
						}
					]
				},
				{
					"name": "dragon2",
					"parent": "Guard",
					"pivot": [0, 4.94943, -0.01323],
					"rotation": [0, 90, -16],
					"cubes": [
						{
							"origin": [-0.75, 6.67093, -9.50876],
							"size": [3, 6, 3],
							"pivot": [0, 9.92093, -8.00876],
							"rotation": [0, -90, 0],
							"uv": {
								"north": {"uv": [50, 12], "uv_size": [3, 6]},
								"east": {"uv": [50, 18], "uv_size": [3, 6]},
								"south": {"uv": [50, 24], "uv_size": [3, 6]},
								"west": {"uv": [50, 30], "uv_size": [3, 6]},
								"up": {"uv": [58, 38], "uv_size": [3, 3]},
								"down": {"uv": [58, 48], "uv_size": [3, -3]}
							}
						},
						{
							"origin": [-0.75, 11.98343, -8.25876],
							"size": [3, 5, 3],
							"inflate": -0.01,
							"pivot": [0.5, 12.98343, -7.25876],
							"rotation": [-90, -71.5, 90],
							"uv": {
								"north": {"uv": [31, 54], "uv_size": [3, 5]},
								"east": {"uv": [44, 54], "uv_size": [3, 5]},
								"south": {"uv": [3, 55], "uv_size": [3, 5]},
								"west": {"uv": [6, 55], "uv_size": [3, 5]},
								"up": {"uv": [58, 54], "uv_size": [3, 3]},
								"down": {"uv": [58, 60], "uv_size": [3, -3]}
							}
						},
						{
							"origin": [-1.25, 11.98343, -6.25876],
							"size": [1, 5, 0],
							"inflate": -0.01,
							"pivot": [1, 12.98343, -7.25876],
							"rotation": [-90, -71.5, 90],
							"uv": {
								"north": {"uv": [62, 19], "uv_size": [1, 5]},
								"east": {"uv": [0, 0], "uv_size": [0, 5]},
								"south": {"uv": [21, 62], "uv_size": [1, 5]},
								"west": {"uv": [0, 0], "uv_size": [0, 5]},
								"up": {"uv": [0, 0], "uv_size": [1, 0]},
								"down": {"uv": [0, 0], "uv_size": [1, 0]}
							}
						}
					]
				},
				{
					"name": "head2",
					"parent": "dragon2",
					"pivot": [0, 16.9149, -6.46684],
					"rotation": [77.5, 0, 0],
					"cubes": [
						{
							"origin": [-1.10335, 14.97265, -8.07846],
							"size": [6, 4, 3],
							"pivot": [0, 17.83804, -6.57846],
							"rotation": [-90, -54, 90],
							"uv": {
								"north": {"uv": [44, 20], "uv_size": [6, 4]},
								"east": {"uv": [57, 12], "uv_size": [3, 4]},
								"south": {"uv": [44, 24], "uv_size": [6, 4]},
								"west": {"uv": [57, 16], "uv_size": [3, 4]},
								"up": {"uv": [50, 42], "uv_size": [6, 3]},
								"down": {"uv": [51, 6], "uv_size": [6, -3]}
							}
						},
						{
							"origin": [-2.10335, 17.22265, -7.82846],
							"size": [3, 3, 1],
							"pivot": [0, 17.83804, -6.57846],
							"rotation": [-83.09744, -34.49887, 99.98178],
							"uv": {
								"north": {"uv": [59, 20], "uv_size": [3, 3]},
								"east": {"uv": [44, 62], "uv_size": [1, 3]},
								"south": {"uv": [21, 59], "uv_size": [3, 3]},
								"west": {"uv": [45, 62], "uv_size": [1, 3]},
								"up": {"uv": [62, 49], "uv_size": [3, 1]},
								"down": {"uv": [50, 63], "uv_size": [3, -1]}
							}
						},
						{
							"origin": [-0.89665, 17.22265, -7.82846],
							"size": [3, 3, 1],
							"pivot": [0, 17.83804, -6.57846],
							"rotation": [-83.09744, 34.49887, -99.98178],
							"uv": {
								"north": {"uv": [59, 23], "uv_size": [3, 3]},
								"east": {"uv": [62, 50], "uv_size": [1, 3]},
								"south": {"uv": [59, 26], "uv_size": [3, 3]},
								"west": {"uv": [53, 62], "uv_size": [1, 3]},
								"up": {"uv": [62, 53], "uv_size": [3, 1]},
								"down": {"uv": [54, 63], "uv_size": [3, -1]}
							}
						}
					]
				},
				{
					"name": "dragon1",
					"parent": "Guard",
					"pivot": [0, 4.94943, -0.01323],
					"rotation": [16, 0, 0],
					"cubes": [
						{
							"origin": [-0.75, 6.67093, -9.50876],
							"size": [3, 6, 3],
							"pivot": [0, 9.92093, -8.00876],
							"rotation": [0, -90, 0],
							"uv": {
								"north": {"uv": [25, 51], "uv_size": [3, 6]},
								"east": {"uv": [28, 51], "uv_size": [3, 6]},
								"south": {"uv": [49, 51], "uv_size": [3, 6]},
								"west": {"uv": [0, 52], "uv_size": [3, 6]},
								"up": {"uv": [59, 29], "uv_size": [3, 3]},
								"down": {"uv": [30, 62], "uv_size": [3, -3]}
							}
						},
						{
							"origin": [-0.75, 11.98343, -8.25876],
							"size": [3, 5, 3],
							"inflate": -0.01,
							"pivot": [0.5, 12.98343, -7.25876],
							"rotation": [-90, -71.5, 90],
							"uv": {
								"north": {"uv": [34, 55], "uv_size": [3, 5]},
								"east": {"uv": [37, 55], "uv_size": [3, 5]},
								"south": {"uv": [55, 45], "uv_size": [3, 5]},
								"west": {"uv": [52, 55], "uv_size": [3, 5]},
								"up": {"uv": [59, 32], "uv_size": [3, 3]},
								"down": {"uv": [40, 62], "uv_size": [3, -3]}
							}
						},
						{
							"origin": [-1.25, 11.98343, -6.25876],
							"size": [1, 5, 0],
							"inflate": -0.01,
							"pivot": [1, 12.98343, -7.25876],
							"rotation": [-90, -71.5, 90],
							"uv": {
								"north": {"uv": [22, 62], "uv_size": [1, 5]},
								"east": {"uv": [0, 0], "uv_size": [0, 5]},
								"south": {"uv": [23, 62], "uv_size": [1, 5]},
								"west": {"uv": [0, 0], "uv_size": [0, 5]},
								"up": {"uv": [0, 0], "uv_size": [1, 0]},
								"down": {"uv": [0, 0], "uv_size": [1, 0]}
							}
						}
					]
				},
				{
					"name": "head1",
					"parent": "dragon1",
					"pivot": [0, 16.9149, -6.46684],
					"rotation": [77.5, 0, 0],
					"cubes": [
						{
							"origin": [-1.10335, 14.97265, -8.07846],
							"size": [6, 4, 3],
							"pivot": [0, 17.83804, -6.57846],
							"rotation": [-90, -54, 90],
							"uv": {
								"north": {"uv": [44, 28], "uv_size": [6, 4]},
								"east": {"uv": [24, 57], "uv_size": [3, 4]},
								"south": {"uv": [44, 32], "uv_size": [6, 4]},
								"west": {"uv": [27, 57], "uv_size": [3, 4]},
								"up": {"uv": [51, 6], "uv_size": [6, 3]},
								"down": {"uv": [3, 55], "uv_size": [6, -3]}
							}
						},
						{
							"origin": [-2.10335, 17.22265, -7.82846],
							"size": [3, 3, 1],
							"pivot": [0, 17.83804, -6.57846],
							"rotation": [-83.09744, -34.49887, 99.98178],
							"uv": {
								"north": {"uv": [43, 59], "uv_size": [3, 3]},
								"east": {"uv": [57, 62], "uv_size": [1, 3]},
								"south": {"uv": [59, 48], "uv_size": [3, 3]},
								"west": {"uv": [58, 62], "uv_size": [1, 3]},
								"up": {"uv": [59, 62], "uv_size": [3, 1]},
								"down": {"uv": [62, 61], "uv_size": [3, -1]}
							}
						},
						{
							"origin": [-0.89665, 17.22265, -7.82846],
							"size": [3, 3, 1],
							"pivot": [0, 17.83804, -6.57846],
							"rotation": [-83.09744, 34.49887, -99.98178],
							"uv": {
								"north": {"uv": [59, 51], "uv_size": [3, 3]},
								"east": {"uv": [62, 61], "uv_size": [1, 3]},
								"south": {"uv": [3, 60], "uv_size": [3, 3]},
								"west": {"uv": [3, 63], "uv_size": [1, 3]},
								"up": {"uv": [63, 3], "uv_size": [3, 1]},
								"down": {"uv": [4, 64], "uv_size": [3, -1]}
							}
						}
					]
				},
				{
					"name": "dragon4",
					"parent": "Guard",
					"pivot": [0, 4.94943, 0.01323],
					"rotation": [-16, 0, 0],
					"cubes": [
						{
							"origin": [-0.75, 6.67093, 6.50876],
							"size": [3, 6, 3],
							"pivot": [0, 9.92093, 8.00876],
							"rotation": [0, 90, 0],
							"uv": {
								"north": {"uv": [9, 52], "uv_size": [3, 6]},
								"east": {"uv": [12, 52], "uv_size": [3, 6]},
								"south": {"uv": [15, 52], "uv_size": [3, 6]},
								"west": {"uv": [18, 52], "uv_size": [3, 6]},
								"up": {"uv": [60, 3], "uv_size": [3, 3]},
								"down": {"uv": [6, 63], "uv_size": [3, -3]}
							}
						},
						{
							"origin": [-0.75, 11.98343, 5.25876],
							"size": [3, 5, 3],
							"inflate": -0.01,
							"pivot": [0.5, 12.98343, 7.25876],
							"rotation": [90, 71.5, 90],
							"uv": {
								"north": {"uv": [55, 55], "uv_size": [3, 5]},
								"east": {"uv": [56, 20], "uv_size": [3, 5]},
								"south": {"uv": [56, 25], "uv_size": [3, 5]},
								"west": {"uv": [56, 30], "uv_size": [3, 5]},
								"up": {"uv": [60, 10], "uv_size": [3, 3]},
								"down": {"uv": [60, 16], "uv_size": [3, -3]}
							}
						},
						{
							"origin": [-1.25, 11.98343, 6.25876],
							"size": [1, 5, 0],
							"inflate": -0.01,
							"pivot": [1, 12.98343, 7.25876],
							"rotation": [90, 71.5, 90],
							"uv": {
								"north": {"uv": [62, 24], "uv_size": [1, 5]},
								"east": {"uv": [0, 0], "uv_size": [0, 5]},
								"south": {"uv": [62, 29], "uv_size": [1, 5]},
								"west": {"uv": [0, 0], "uv_size": [0, 5]},
								"up": {"uv": [0, 0], "uv_size": [1, 0]},
								"down": {"uv": [0, 0], "uv_size": [1, 0]}
							}
						}
					]
				},
				{
					"name": "head4",
					"parent": "dragon4",
					"pivot": [0, 16.9149, 6.46684],
					"rotation": [-77.5, 0, 0],
					"cubes": [
						{
							"origin": [-1.10335, 14.97265, 5.07846],
							"size": [6, 4, 3],
							"pivot": [0, 17.83804, 6.57846],
							"rotation": [90, 54, 90],
							"uv": {
								"north": {"uv": [34, 45], "uv_size": [6, 4]},
								"east": {"uv": [47, 57], "uv_size": [3, 4]},
								"south": {"uv": [40, 45], "uv_size": [6, 4]},
								"west": {"uv": [0, 58], "uv_size": [3, 4]},
								"up": {"uv": [52, 36], "uv_size": [6, 3]},
								"down": {"uv": [52, 42], "uv_size": [6, -3]}
							}
						},
						{
							"origin": [-2.10335, 17.22265, 6.82846],
							"size": [3, 3, 1],
							"pivot": [0, 17.83804, 6.57846],
							"rotation": [83.09744, 34.49887, 99.98178],
							"uv": {
								"north": {"uv": [60, 16], "uv_size": [3, 3]},
								"east": {"uv": [63, 4], "uv_size": [1, 3]},
								"south": {"uv": [33, 60], "uv_size": [3, 3]},
								"west": {"uv": [7, 63], "uv_size": [1, 3]},
								"up": {"uv": [63, 7], "uv_size": [3, 1]},
								"down": {"uv": [63, 9], "uv_size": [3, -1]}
							}
						},
						{
							"origin": [-0.89665, 17.22265, 6.82846],
							"size": [3, 3, 1],
							"pivot": [0, 17.83804, 6.57846],
							"rotation": [83.09744, -34.49887, -99.98178],
							"uv": {
								"north": {"uv": [36, 60], "uv_size": [3, 3]},
								"east": {"uv": [8, 63], "uv_size": [1, 3]},
								"south": {"uv": [60, 41], "uv_size": [3, 3]},
								"west": {"uv": [63, 9], "uv_size": [1, 3]},
								"up": {"uv": [63, 12], "uv_size": [3, 1]},
								"down": {"uv": [63, 14], "uv_size": [3, -1]}
							}
						}
					]
				},
				{
					"name": "Handle",
					"pivot": [0, 0.25, 0],
					"cubes": [
						{
							"origin": [-2, -16, -2],
							"size": [4, 2, 4],
							"uv": {
								"north": {"uv": [50, 60], "uv_size": [4, 2]},
								"east": {"uv": [54, 60], "uv_size": [4, 2]},
								"south": {"uv": [58, 60], "uv_size": [4, 2]},
								"west": {"uv": [61, 0], "uv_size": [4, 2]},
								"up": {"uv": [40, 52], "uv_size": [4, 4]},
								"down": {"uv": [52, 55], "uv_size": [4, -4]}
							}
						},
						{
							"origin": [-3, -14, -3],
							"size": [6, 6, 6],
							"uv": {
								"north": {"uv": [22, 36], "uv_size": [6, 6]},
								"east": {"uv": [28, 36], "uv_size": [6, 6]},
								"south": {"uv": [34, 36], "uv_size": [6, 6]},
								"west": {"uv": [38, 12], "uv_size": [6, 6]},
								"up": {"uv": [38, 18], "uv_size": [6, 6]},
								"down": {"uv": [38, 30], "uv_size": [6, -6]}
							}
						},
						{
							"origin": [-2, -8, -2],
							"size": [4, 12, 4],
							"inflate": -0.015,
							"uv": {
								"north": {"uv": [30, 12], "uv_size": [4, 12]},
								"east": {"uv": [30, 24], "uv_size": [4, 12]},
								"south": {"uv": [34, 12], "uv_size": [4, 12]},
								"west": {"uv": [34, 24], "uv_size": [4, 12]},
								"up": {"uv": [53, 12], "uv_size": [4, 4]},
								"down": {"uv": [53, 20], "uv_size": [4, -4]}
							}
						},
						{
							"origin": [-3, 1, -3],
							"size": [6, 3, 6],
							"uv": {
								"north": {"uv": [46, 36], "uv_size": [6, 3]},
								"east": {"uv": [46, 39], "uv_size": [6, 3]},
								"south": {"uv": [46, 45], "uv_size": [6, 3]},
								"west": {"uv": [48, 0], "uv_size": [6, 3]},
								"up": {"uv": [38, 30], "uv_size": [6, 6]},
								"down": {"uv": [40, 42], "uv_size": [6, -6]}
							}
						},
						{
							"origin": [-1, 1.5, 2.375],
							"size": [2, 4, 2],
							"pivot": [0, 3, 3.375],
							"rotation": [-45, 0, 0],
							"uv": {
								"north": {"uv": [61, 6], "uv_size": [2, 4]},
								"east": {"uv": [9, 61], "uv_size": [2, 4]},
								"south": {"uv": [11, 61], "uv_size": [2, 4]},
								"west": {"uv": [13, 61], "uv_size": [2, 4]},
								"up": {"uv": [44, 52], "uv_size": [2, 2]},
								"down": {"uv": [47, 56], "uv_size": [2, -2]}
							}
						},
						{
							"origin": [-1, 1.5, -4.375],
							"size": [2, 4, 2],
							"pivot": [0, 3, -3.375],
							"rotation": [45, 0, 0],
							"uv": {
								"north": {"uv": [15, 61], "uv_size": [2, 4]},
								"east": {"uv": [17, 61], "uv_size": [2, 4]},
								"south": {"uv": [19, 61], "uv_size": [2, 4]},
								"west": {"uv": [24, 61], "uv_size": [2, 4]},
								"up": {"uv": [50, 57], "uv_size": [2, 2]},
								"down": {"uv": [58, 12], "uv_size": [2, -2]}
							}
						},
						{
							"origin": [-1, 3.88649, -3.38649],
							"size": [2, 4, 2],
							"pivot": [0, 3, 0],
							"rotation": [44.99999, -90, 0.00001],
							"uv": {
								"north": {"uv": [26, 61], "uv_size": [2, 4]},
								"east": {"uv": [28, 61], "uv_size": [2, 4]},
								"south": {"uv": [61, 35], "uv_size": [2, 4]},
								"west": {"uv": [61, 44], "uv_size": [2, 4]},
								"up": {"uv": [61, 39], "uv_size": [2, 2]},
								"down": {"uv": [61, 60], "uv_size": [2, -2]}
							}
						},
						{
							"origin": [-1, 3.88649, -3.38649],
							"size": [2, 4, 2],
							"pivot": [0, 3, 0],
							"rotation": [44.99999, 90, -0.00001],
							"uv": {
								"north": {"uv": [46, 61], "uv_size": [2, 4]},
								"east": {"uv": [48, 61], "uv_size": [2, 4]},
								"south": {"uv": [61, 54], "uv_size": [2, 4]},
								"west": {"uv": [0, 62], "uv_size": [2, 4]},
								"up": {"uv": [30, 62], "uv_size": [2, 2]},
								"down": {"uv": [40, 64], "uv_size": [2, -2]}
							}
						}
					]
				}
			]
		}
	]
}