{
	"format_version": "1.12.0",
	"minecraft:geometry": [
		{
			"description": {
				"identifier": "geometry.Stink_Bug",
				"texture_width": 32,
				"texture_height": 32,
				"visible_bounds_width": 2,
				"visible_bounds_height": 2.5,
				"visible_bounds_offset": [0, 0.75, 0]
			},
			"bones": [
				{
					"name": "Stink_Bug",
					"pivot": [0, 2.16667, 0]
				},
				{
					"name": "Body",
					"parent": "Stink_Bug",
					"pivot": [0, 2.16667, 0],
					"cubes": [
						{
							"origin": [-2, 1, -3],
							"size": [4, 3, 6],
							"uv": {
								"north": {"uv": [3, 9], "uv_size": [4, 3]},
								"east": {"uv": [0, 6], "uv_size": [6, 3]},
								"south": {"uv": [7, 9], "uv_size": [4, 3]},
								"west": {"uv": [6, 6], "uv_size": [6, 3]},
								"up": {"uv": [0, 0], "uv_size": [4, 6]},
								"down": {"uv": [4, 6], "uv_size": [4, -6]}
							}
						},
						{
							"origin": [-1.5, 3.5, -2.5],
							"size": [3, 1, 5],
							"uv": {
								"north": {"uv": [8, 5], "uv_size": [3, 1]},
								"east": {"uv": [12, 8], "uv_size": [5, 1]},
								"south": {"uv": [14, 3], "uv_size": [3, 1]},
								"west": {"uv": [14, 0], "uv_size": [5, 1]},
								"up": {"uv": [8, 0], "uv_size": [3, 5]},
								"down": {"uv": [0, 14], "uv_size": [3, -5]}
							}
						}
					]
				},
				{
					"name": "SpikesBody",
					"parent": "Body",
					"pivot": [0, 4.22, -0.23],
					"cubes": [
						{
							"origin": [-0.25, 4.35, -0.175],
							"size": [0.5, 0.25, 0.5],
							"pivot": [0, 0, 0],
							"rotation": [7.5, 0, 0],
							"uv": {
								"north": {"uv": [23, 4], "uv_size": [0.5, 0.5]},
								"east": {"uv": [5, 23], "uv_size": [0.5, 0.5]},
								"south": {"uv": [23, 5], "uv_size": [0.5, 0.5]},
								"west": {"uv": [6, 23], "uv_size": [0.5, 0.5]},
								"up": {"uv": [23, 6], "uv_size": [0.5, 0.5]},
								"down": {"uv": [7, 23.5], "uv_size": [0.5, -0.5]}
							}
						}
					]
				},
				{
					"name": "Head",
					"parent": "SpikesBody",
					"pivot": [0, 2.125, -2.4375],
					"cubes": [
						{
							"origin": [-1.5, 1.5, -2.25],
							"size": [3, 2, 3],
							"pivot": [0, 0, 0],
							"rotation": [5, 0, 0],
							"uv": {
								"north": {"uv": [12, 6], "uv_size": [3, 2]},
								"east": {"uv": [7, 12], "uv_size": [3, 2]},
								"south": {"uv": [10, 13], "uv_size": [3, 2]},
								"west": {"uv": [13, 13], "uv_size": [3, 2]},
								"up": {"uv": [11, 0], "uv_size": [3, 3]},
								"down": {"uv": [11, 6], "uv_size": [3, -3]}
							}
						}
					]
				},
				{
					"name": "Tail",
					"parent": "Stink_Bug",
					"pivot": [0, 2.4375, 2.125],
					"rotation": [75, 0, 0],
					"cubes": [
						{
							"origin": [-2, 1.5, 3.5],
							"size": [4, 2, 5],
							"pivot": [0, 0, 9],
							"rotation": [15, 0, 0],
							"uv": {
								"north": {"uv": [0, 14], "uv_size": [2, 2]},
								"east": {"uv": [11, 9], "uv_size": [4, 2]},
								"south": {"uv": [14, 1], "uv_size": [2, 2]},
								"west": {"uv": [11, 11], "uv_size": [4, 2]},
								"up": {"uv": [3, 12], "uv_size": [2, 4]},
								"down": {"uv": [5, 16], "uv_size": [2, -4]}
							}
						},
						{
							"origin": [-1, 3.75, 4.25],
							"size": [2, 1, 4],
							"pivot": [0, 0, 9],
							"rotation": [10, 0, 0],
							"uv": {
								"north": {"uv": [0, 14], "uv_size": [2, 2]},
								"east": {"uv": [11, 9], "uv_size": [4, 2]},
								"south": {"uv": [14, 1], "uv_size": [2, 2]},
								"west": {"uv": [11, 11], "uv_size": [4, 2]},
								"up": {"uv": [3, 12], "uv_size": [2, 4]},
								"down": {"uv": [5, 16], "uv_size": [2, -4]}
							}
						}
					]
				},
				{
					"name": "SpikesTail",
					"parent": "Tail",
					"pivot": [0, 2.8, 4.78333],
					"cubes": [
						{
							"origin": [6.25, 2.8, 1.15],
							"size": [0.5, 0.5, 1],
							"pivot": [0, 0, 0],
							"rotation": [0, -90, 0],
							"uv": {
								"north": {"uv": [19, 7], "uv_size": [0.5, 0.5]},
								"east": {"uv": [12, 18], "uv_size": [1, 0.5]},
								"south": {"uv": [8, 19], "uv_size": [0.5, 0.5]},
								"west": {"uv": [13, 18], "uv_size": [1, 0.5]},
								"up": {"uv": [18, 13], "uv_size": [0.5, 1]},
								"down": {"uv": [14, 19], "uv_size": [0.5, -1]}
							}
						}
					]
				},
				{
					"name": "LFoot1",
					"parent": "Stink_Bug",
					"pivot": [-0.5, 1.125, -1],
					"cubes": [
						{
							"origin": [-1.75, 1.75, -2.75],
							"size": [1.5, 1, 1.5],
							"pivot": [0, 0, 0],
							"rotation": [0, 0, -45],
							"uv": {
								"north": {"uv": [4, 16], "uv_size": [1.5, 1]},
								"east": {"uv": [16, 4], "uv_size": [1.5, 1]},
								"south": {"uv": [16, 5], "uv_size": [1.5, 1]},
								"west": {"uv": [6, 16], "uv_size": [1.5, 1]},
								"up": {"uv": [14, 4], "uv_size": [1.5, 1.5]},
								"down": {"uv": [7, 15.5], "uv_size": [1.5, -1.5]}
							}
						}
					]
				},
				{
					"name": "SpikesLFoot1",
					"parent": "LFoot1",
					"pivot": [0, 0, 0],
					"cubes": [
						{
							"origin": [-2.75, 1, -2.6],
							"size": [0.5, 0.5, 0.5],
							"uv": {
								"north": {"uv": [19, 11], "uv_size": [0.5, 0.5]},
								"east": {"uv": [12, 19], "uv_size": [0.5, 0.5]},
								"south": {"uv": [19, 12], "uv_size": [0.5, 0.5]},
								"west": {"uv": [13, 19], "uv_size": [0.5, 0.5]},
								"up": {"uv": [19, 13], "uv_size": [0.5, 0.5]},
								"down": {"uv": [14, 19.5], "uv_size": [0.5, -0.5]}
							}
						},
						{
							"origin": [-2.75, 1, -1.9],
							"size": [0.5, 0.5, 0.5],
							"uv": {
								"north": {"uv": [19, 14], "uv_size": [0.5, 0.5]},
								"east": {"uv": [15, 19], "uv_size": [0.5, 0.5]},
								"south": {"uv": [19, 15], "uv_size": [0.5, 0.5]},
								"west": {"uv": [16, 19], "uv_size": [0.5, 0.5]},
								"up": {"uv": [19, 16], "uv_size": [0.5, 0.5]},
								"down": {"uv": [17, 19.5], "uv_size": [0.5, -0.5]}
							}
						}
					]
				},
				{
					"name": "LFoot2",
					"parent": "Stink_Bug",
					"pivot": [-0.5, 1.125, 0],
					"cubes": [
						{
							"origin": [-1.75, 1.75, -0.75],
							"size": [1.5, 1, 1.5],
							"pivot": [0, 0, 2],
							"rotation": [0, 0, -45],
							"uv": {
								"north": {"uv": [16, 13], "uv_size": [1.5, 1]},
								"east": {"uv": [16, 14], "uv_size": [1.5, 1]},
								"south": {"uv": [17, 3], "uv_size": [1.5, 1]},
								"west": {"uv": [4, 17], "uv_size": [1.5, 1]},
								"up": {"uv": [15, 6], "uv_size": [1.5, 1.5]},
								"down": {"uv": [9, 16.5], "uv_size": [1.5, -1.5]}
							}
						}
					]
				},
				{
					"name": "SpikesLFoot2",
					"parent": "LFoot2",
					"pivot": [0, 0, 0],
					"cubes": [
						{
							"origin": [-2.75, 1, -0.6],
							"size": [0.5, 0.5, 0.5],
							"uv": {
								"north": {"uv": [19, 17], "uv_size": [0.5, 0.5]},
								"east": {"uv": [18, 19], "uv_size": [0.5, 0.5]},
								"south": {"uv": [19, 18], "uv_size": [0.5, 0.5]},
								"west": {"uv": [19, 19], "uv_size": [0.5, 0.5]},
								"up": {"uv": [0, 20], "uv_size": [0.5, 0.5]},
								"down": {"uv": [20, 0.5], "uv_size": [0.5, -0.5]}
							}
						},
						{
							"origin": [-2.75, 1, 0.1],
							"size": [0.5, 0.5, 0.5],
							"uv": {
								"north": {"uv": [1, 20], "uv_size": [0.5, 0.5]},
								"east": {"uv": [20, 1], "uv_size": [0.5, 0.5]},
								"south": {"uv": [2, 20], "uv_size": [0.5, 0.5]},
								"west": {"uv": [20, 2], "uv_size": [0.5, 0.5]},
								"up": {"uv": [3, 20], "uv_size": [0.5, 0.5]},
								"down": {"uv": [20, 3.5], "uv_size": [0.5, -0.5]}
							}
						}
					]
				},
				{
					"name": "LFoot3",
					"parent": "Stink_Bug",
					"pivot": [-0.5, 1.125, 1],
					"cubes": [
						{
							"origin": [-1.75, 1.75, 1.25],
							"size": [1.5, 1, 1.5],
							"pivot": [0, 0, 4],
							"rotation": [0, 0, -45],
							"uv": {
								"north": {"uv": [6, 17], "uv_size": [1.5, 1]},
								"east": {"uv": [17, 6], "uv_size": [1.5, 1]},
								"south": {"uv": [17, 7], "uv_size": [1.5, 1]},
								"west": {"uv": [8, 17], "uv_size": [1.5, 1]},
								"up": {"uv": [15, 9], "uv_size": [1.5, 1.5]},
								"down": {"uv": [11, 16.5], "uv_size": [1.5, -1.5]}
							}
						}
					]
				},
				{
					"name": "SpikesLFoot3",
					"parent": "LFoot3",
					"pivot": [0, 0, 0],
					"cubes": [
						{
							"origin": [-2.75, 1, 1.4],
							"size": [0.5, 0.5, 0.5],
							"uv": {
								"north": {"uv": [4, 20], "uv_size": [0.5, 0.5]},
								"east": {"uv": [20, 4], "uv_size": [0.5, 0.5]},
								"south": {"uv": [5, 20], "uv_size": [0.5, 0.5]},
								"west": {"uv": [20, 5], "uv_size": [0.5, 0.5]},
								"up": {"uv": [6, 20], "uv_size": [0.5, 0.5]},
								"down": {"uv": [20, 6.5], "uv_size": [0.5, -0.5]}
							}
						},
						{
							"origin": [-2.75, 1, 2.1],
							"size": [0.5, 0.5, 0.5],
							"uv": {
								"north": {"uv": [7, 20], "uv_size": [0.5, 0.5]},
								"east": {"uv": [20, 7], "uv_size": [0.5, 0.5]},
								"south": {"uv": [8, 20], "uv_size": [0.5, 0.5]},
								"west": {"uv": [20, 8], "uv_size": [0.5, 0.5]},
								"up": {"uv": [9, 20], "uv_size": [0.5, 0.5]},
								"down": {"uv": [20, 9.5], "uv_size": [0.5, -0.5]}
							}
						}
					]
				},
				{
					"name": "RFoot1",
					"parent": "Stink_Bug",
					"pivot": [0.5, 1.125, -1],
					"cubes": [
						{
							"origin": [0.25, 1.75, -2.75],
							"size": [1.5, 1, 1.5],
							"pivot": [0, 0, 0],
							"rotation": [0, 0, 45],
							"uv": {
								"north": {"uv": [17, 8], "uv_size": [1.5, 1]},
								"east": {"uv": [17, 9], "uv_size": [1.5, 1]},
								"south": {"uv": [10, 17], "uv_size": [1.5, 1]},
								"west": {"uv": [17, 10], "uv_size": [1.5, 1]},
								"up": {"uv": [15, 11], "uv_size": [1.5, 1.5]},
								"down": {"uv": [13, 16.5], "uv_size": [1.5, -1.5]}
							}
						}
					]
				},
				{
					"name": "SpikesRFoot1",
					"parent": "RFoot1",
					"pivot": [0, 0, 0],
					"cubes": [
						{
							"origin": [2.25, 1, -2.6],
							"size": [0.5, 0.5, 0.5],
							"uv": {
								"north": {"uv": [10, 20], "uv_size": [0.5, 0.5]},
								"east": {"uv": [20, 10], "uv_size": [0.5, 0.5]},
								"south": {"uv": [11, 20], "uv_size": [0.5, 0.5]},
								"west": {"uv": [20, 11], "uv_size": [0.5, 0.5]},
								"up": {"uv": [12, 20], "uv_size": [0.5, 0.5]},
								"down": {"uv": [20, 12.5], "uv_size": [0.5, -0.5]}
							}
						},
						{
							"origin": [2.25, 1, -1.9],
							"size": [0.5, 0.5, 0.5],
							"uv": {
								"north": {"uv": [13, 20], "uv_size": [0.5, 0.5]},
								"east": {"uv": [20, 13], "uv_size": [0.5, 0.5]},
								"south": {"uv": [14, 20], "uv_size": [0.5, 0.5]},
								"west": {"uv": [20, 14], "uv_size": [0.5, 0.5]},
								"up": {"uv": [15, 20], "uv_size": [0.5, 0.5]},
								"down": {"uv": [20, 15.5], "uv_size": [0.5, -0.5]}
							}
						}
					]
				},
				{
					"name": "RFoot2",
					"parent": "Stink_Bug",
					"pivot": [0.5, 1.125, 0],
					"cubes": [
						{
							"origin": [0.25, 1.75, -0.75],
							"size": [1.5, 1, 1.5],
							"pivot": [0, 0, 2],
							"rotation": [0, 0, 45],
							"uv": {
								"north": {"uv": [17, 11], "uv_size": [1.5, 1]},
								"east": {"uv": [12, 17], "uv_size": [1.5, 1]},
								"south": {"uv": [17, 12], "uv_size": [1.5, 1]},
								"west": {"uv": [14, 17], "uv_size": [1.5, 1]},
								"up": {"uv": [15, 15], "uv_size": [1.5, 1.5]},
								"down": {"uv": [0, 17.5], "uv_size": [1.5, -1.5]}
							}
						}
					]
				},
				{
					"name": "SpikesRFoot2",
					"parent": "RFoot2",
					"pivot": [0, 0, 2],
					"cubes": [
						{
							"origin": [2.25, 1, -0.6],
							"size": [0.5, 0.5, 0.5],
							"uv": {
								"north": {"uv": [16, 20], "uv_size": [0.5, 0.5]},
								"east": {"uv": [20, 16], "uv_size": [0.5, 0.5]},
								"south": {"uv": [17, 20], "uv_size": [0.5, 0.5]},
								"west": {"uv": [20, 17], "uv_size": [0.5, 0.5]},
								"up": {"uv": [18, 20], "uv_size": [0.5, 0.5]},
								"down": {"uv": [20, 18.5], "uv_size": [0.5, -0.5]}
							}
						},
						{
							"origin": [2.25, 1, 0.1],
							"size": [0.5, 0.5, 0.5],
							"uv": {
								"north": {"uv": [19, 20], "uv_size": [0.5, 0.5]},
								"east": {"uv": [20, 19], "uv_size": [0.5, 0.5]},
								"south": {"uv": [20, 20], "uv_size": [0.5, 0.5]},
								"west": {"uv": [0, 21], "uv_size": [0.5, 0.5]},
								"up": {"uv": [21, 0], "uv_size": [0.5, 0.5]},
								"down": {"uv": [1, 21.5], "uv_size": [0.5, -0.5]}
							}
						}
					]
				},
				{
					"name": "RFoot3",
					"parent": "Stink_Bug",
					"pivot": [0.5, 1.125, 1],
					"cubes": [
						{
							"origin": [0.25, 1.75, 1.25],
							"size": [1.5, 1, 1.5],
							"pivot": [0, 0, 4],
							"rotation": [0, 0, 45],
							"uv": {
								"north": {"uv": [17, 15], "uv_size": [1.5, 1]},
								"east": {"uv": [16, 17], "uv_size": [1.5, 1]},
								"south": {"uv": [17, 16], "uv_size": [1.5, 1]},
								"west": {"uv": [0, 18], "uv_size": [1.5, 1]},
								"up": {"uv": [16, 1], "uv_size": [1.5, 1.5]},
								"down": {"uv": [2, 17.5], "uv_size": [1.5, -1.5]}
							}
						}
					]
				},
				{
					"name": "SpikesRFoot3",
					"parent": "RFoot3",
					"pivot": [0, 0, 0],
					"cubes": [
						{
							"origin": [2.25, 1, 1.4],
							"size": [0.5, 0.5, 0.5],
							"uv": {
								"north": {"uv": [21, 1], "uv_size": [0.5, 0.5]},
								"east": {"uv": [2, 21], "uv_size": [0.5, 0.5]},
								"south": {"uv": [21, 2], "uv_size": [0.5, 0.5]},
								"west": {"uv": [3, 21], "uv_size": [0.5, 0.5]},
								"up": {"uv": [21, 3], "uv_size": [0.5, 0.5]},
								"down": {"uv": [4, 21.5], "uv_size": [0.5, -0.5]}
							}
						},
						{
							"origin": [2.25, 1, 2.1],
							"size": [0.5, 0.5, 0.5],
							"uv": {
								"north": {"uv": [21, 4], "uv_size": [0.5, 0.5]},
								"east": {"uv": [5, 21], "uv_size": [0.5, 0.5]},
								"south": {"uv": [21, 5], "uv_size": [0.5, 0.5]},
								"west": {"uv": [6, 21], "uv_size": [0.5, 0.5]},
								"up": {"uv": [21, 6], "uv_size": [0.5, 0.5]},
								"down": {"uv": [7, 21.5], "uv_size": [0.5, -0.5]}
							}
						}
					]
				}
			]
		}
	]
}